company_name,full_address ,city,state,zip_code,contact_phone,website_url
Blue Dolphin Summer Camp,"74-15 175th St, Fresh Meadows, NY 11366, USA",Fresh Meadows,NY,11366,(718) 847-6470,http://www.bluedolphincamp.com/
Bob Gilbertson Central City Family YMCA,"110 E Palm Ave, Tampa, FL 33602, USA",Tampa,FL,33602,(813) 229-9622,http://www.tampaymca.org/
Bonjour Language Camps â€“ Spanish and French day camp (UWS),"SUMMER ADDRESS ONLY, 270 W 89th St, New York, NY 10024, USA",New York,NY,10024,(646) 974-9220,http://bonjourny.com/
Brain Camp @ UCSF,"505 Parnassus Ave, San Francisco, CA 94143, USA",San Francisco,CA,94143,(415) 335-4840,https://ilovebraincamp.org/about-us
BrainVyne LEGO & Money Camps,"4000 Middlefield Rd D5, Palo Alto, CA 94303, USA",Palo Alto,CA,94303,(650) 469-3409,http://www.brainvyne.com/
Cadence Academy Preschool,"13255 Noel Rd, Dallas, TX 75240, USA",Dallas,TX,75240,(972) 996-0677,https://www.cadence-education.com/locations/tx/dallas/305?utm_source=google&utm_medium=local_listing&utm_campaign=local_seo
Cadence Academy Preschool of Bent Tree,"17275 Addison Rd, Addison, TX 75001, USA",Addison,TX,75001,(972) 559-3899,https://www.cadence-education.com/locations/tx/addison/311?utm_source=google&utm_medium=local_listing&utm_campaign=local_seo
Caedmon Discovery Camp,"416 E 80th St, New York, NY 10075, USA",New York,NY,10075,(212) 879-2297,https://www.caedmonschool.org/beyond-the-classroom/discovery-camp/caedmon-discovery-camp
Camp 512,"127 Star St, Lakeway, TX 78734, USA",Lakeway,TX,78734,(512) 680-6721,https://www.camp512.com/
Camp at Sunset Bay,"14725 Norma Beach Rd, Edmonds, WA 98026, USA",Edmonds,WA,98026,(206) 324-6715,http://www.sunsetbaywharf.com/
Camp Balcones Springs,"104 Balcones Springs Dr, Marble Falls, TX 78654, USA",Marble Falls,TX,78654,(830) 693-2267,https://campiscool.com/?utm_source=GMB&utm_medium=Direct